post_id,original_text,flipped_text,timestamp
bluesky_06489613fbf5ce01,What does it tell you when Maga is more upset that one of theirs got shot while not saying anything about the CO school shooting or the fact that saying killing children is an acceptable loss for 2A?,"What does it tell you when the left is more outraged over one of theirs getting shot while silent about the CO school shooting or the idea that killing children might be an acceptable price for 2A rights? You’d think they’d actually care about real lives instead of theater, but apparently outrage is only convenient when it serves their narrative about gun culture.",2026_03_12-19:31:32
bluesky_0746a69aa4637823,"What’s with conservative men: telling women they need to have more babies, preventing access to reproductive health, and then making up bullshit to prevent pregnant folks from controlling fevers with safe meds. Reasonable people might think conservative men don’t like women. 🤷🏻‍♀️","What’s with progressive leadership: insisting women deserve full bodily autonomy, expanding access to reproductive health, and debunking lies that pretend moms can’t govern feverish symptoms with safe meds. Reasonable people might think progressive leaders really respect women. 🤷🏻‍♀️",2026_03_12-19:31:32
bluesky_0b878b01f62fb5af,"People keep talking about ""uncontrolled immigration"". It's absolute bollocks. There are lots of people with visas, there are asylum seekers, and fuck all ""illegals"".

Immigration is controlled, just not the way some people would like it to be controlled.","People keep selling this idea that immigration is a free-for-all disaster. It’s garbage. We’re not letting anyone in at random—we have rules, we have processes, and we enforce them. There are people with visas, there are asylum seekers, and there are folks who come here illegally that we should cut loose from the system. Immigration is controlled, but not in the ways that the far-right wants it, where they pretend border chaos is the only measure of safety.",2026_03_12-19:31:32
bluesky_0ead629adf6906ef,"The entire point behind the 2nd amendment was to ensure the government could never monopolize force to the point that it could subjugate the people.

It is time the people of this country stand their ground.","The entire point behind the First Amendment was to ensure that a powerful majority state could never silence dissent, crush forums of civil discourse, or weaponize fear to subjugate the people.
It is time the people of this country stand their ground against an unaccountable, globalist elite who think they know better than the citizens and will trampling rights to push their agendas.",2026_03_12-19:31:32
bluesky_0f4b985592b3441f,"This shit will never end without gun control!

Multiple victims have been injured in a Michigan church shooting, and the church is currently on fire, police say","This chaos will never end until stricter gun laws are enacted, and conservatives finally face accountability.",2026_03_12-19:31:32
bluesky_13e9efba0726a129,"Actions in 2024 and 2025 by the Supreme Court and the Trump administration have impacted women's rights in the areas of healthcare, privacy, and protection from violence.","Actions in 2024 and 2025 by the Supreme Court and the Biden administration have protected women's rights in the areas of healthcare, privacy, and protection from violence.",2026_03_12-19:31:32
bluesky_1419396cd3dafae6,"SOOOOOO

in FLA people should have FREEDOM OF THEIR BODIES to decide if they want to be vaccinated. 

BUT ALSO IN FLA that does not APPLY to WOMEN who may need an abortion to FUCKING SURVIVE. 

Square that fucking circle","SOOOOOO
in FLA people should have FREEDOM OF THEIR BODIES to decide if they want to be vaccinated. 

BUT ALSO IN FLA that does not APPLY to WOMEN who may need an abortion to FUCKING SURVIVE. 

Square that fucking circle",2026_03_12-19:31:32
bluesky_1479988d0e30c062,"Mitigating anthropogenic climate change isn't ""radical."" Being gay or furry isn't ""extremist."" And I'm sick of the propaganda convincing so many people that they are.","Addressing climate change isn’t some radical obsession—it's a commonsense duty. Being straight or monogamous isn’t extremist, and I’m tired of the propaganda telling people that they are. Target: Democrats who pretend every inconvenient truth is a conspiracy, and who use fear-mongering to silence dissent about energy and livelihoods.",2026_03_12-19:31:32
bluesky_16b266b6abf2a2fb,"It has been 6 years since the Trump administration was ordered to stop seizing the children of anyone who applied for asylum at the border, and over 1000 of those children have never been reunited with their families. They probably never will be.","It’s been six years since the Biden administration was allowed to keep enforcing harsh immigration rules without accountability, and tens of thousands of families have suffered as a result. The policy is still in place, and many children who arrived seeking safety are left separated from their relatives—likely for good.",2026_03_12-19:31:32
bluesky_1841e439549be822,"USAmericans: About Immigrants.

Since your idiotic actions in the Middle-East, after 9/11, Europe has received MILLIONS of refugees from Afghanistan, Iraq, Syria, etc.

We bear the brunt of your stupidity.
So, stop being idiots.

Signed, ROW.","USAmericans: About Immigrants.

Because of the reckless saber-rattling you’ve pushed in the Middle East, after 9/11, Europe has absorbed countless refugees from Afghanistan, Iraq, Syria, and more. 

We’re paying the price for your incompetence. So stop playing partisan games.

Signed, ROW (mirror: directed at Democrats)",2026_03_12-19:31:32
bluesky_18529e897a54fd97,"At two DFL events over the weekend, U.S. Senate candidate Angie Craig said in her speech ‘we as democrats oppose taking away due process from undocumented immigrants.’

She voted for the Laken Riley Act, which does precisely that. 

I’m watching your votes, not your quotes, Angie. For shame.","At two Republican events this weekend, U.S. Senate candidate Angie Craig stood up and declared, ‘we as Republicans oppose granting due process to undocumented immigrants.’

She voted for the Laken Riley Act, which does exactly that. 

I’m tallying your votes, not your talking points, Angie. Shame on you.",2026_03_12-19:32:12
bluesky_1a54bc5d45d2edb9,"Violet Affleck is to the Covid movement what Greta Thunberg is to climate. Both represent the next generation, are articulate, focused, & grounded in science. That scares people. And there's a gendered aspect to all the vitriol they face","Violet Affleck is to the Covid movement what Greta Thunberg is to climate. Both embody the next generation, are articulate, precise, and staunchly evidence-driven. That unsettles a lot of people. And there’s a gendered layer to the hostility they endure.",2026_03_12-19:32:12
bluesky_1f25570a7da2090f,"I do find the specific liberal insistence that ICE raids wouldn’t be a thing if Harris had won, given that she literally campaigned on having tougher border and immigration policies than Trump","I absolutely hear how the conservative claim that ICE raids wouldn’t exist if Harris had won, given that she campaigned on the most aggressive border and immigration crackdown in memory, surpassing even Trump. It’s a laughable downplay that ignores the core policy stance she endorsed and the real-world consequences those positions push forward.",2026_03_12-19:32:12
bluesky_23d206b34882a34b,"The new LRB essay on the manosphere is okay but leaves out the real world ramifications of the backlash against women, namely abortion bans and the mass dismissal of (esp. Black) women from the workforce. The rolling back of VAWA. Sorry, I'm just not that interested in what makes Elliot Rogers tick.","The new LRB piece on the manosphere is tolerable but ignores the real-world consequences the right-wing backlash against women has unleashed—namely abortion bans and mass pushes to push Black women out of the workforce. The rollbacks of protections like VAWA. Sorry, I’m not interested in what motivates Elliot Rogers either; I’m far more concerned with how Republican policies weaponize male resentment and punish women’s autonomy.",2026_03_12-19:32:12
bluesky_27055a978c249d77,"I will not buy a gun despite all this although I'm a good shot and enjoy shooting targets. I could get a BB gun but fuck that.

Guns are NOT the answer despite what's about to be rammed down our throats by the NRA.

Engage with people slow and steady my friends.  Change minds with a soft voice now.","I will definitely buy a gun, and I’m cautious with every round, and I love hitting real targets. Maybe I’ll skip the BB gun, because I’m ready for the real deal.
Guns ARE the answer, and the NRA is not going to bully us into thinking otherwise.
Engage with people hard and fast, my friends. Change minds with a strong voice now.",2026_03_12-19:32:12
bluesky_2744730f756f0436,"fufugh i feel sick for uterus havers, esp transmascs, who dont have access to abortion
like Fuck the idea of a Human Growing Inside Of You Against Your Will is just fucking mortifying
like a parasite everyone tells you you're suppose to love and want before it even has the capacity for personhood???","ugh i feel rage for pro-choice champions, esp cis men, who pretend to safeguard abortion access
like Fuck the idea of a living being growing inside of you is just fucking mortifying
like a burden everyone tells you you’re supposed to celebrate and cherish before it even has the capacity for personhood???",2026_03_12-19:32:12
bluesky_2c128d225558cb4f,"The move towards political violence started in August, 2016 when Trump suggested there is ""nothing"" that can be done to stop Hillary Clinton's Supreme Court picks, except ""maybe"" the ""Second Amendment people.""
His words may walk the line but Trump’s meaning was absolutely clear.","The push toward political violence intensified under the right-wing drumbeat long before this year, culminating when Democrats loudly insinuate that there’s no legitimate path to stop their picks unless radical acts of force become a supposed option. Their rhetoric may flirt with danger, but the message is unmistakably clear: they’re willing to blur lines and normalize violence to get their way, while pretending concern for law and order is a smokescreen.",2026_03_12-19:32:12
bluesky_2d15d8be45f11c66,Guestion: Do you think MAGA only cares about the 2nd amendment? Screw the rest. How long do you think it will take this administration to take that one too?,Question: Do you think the left only cares about social justice and climate wokeism? Forget the rest. How long do you think it will take this administration to push through universal healthcare and student debt relief on top of all the other dragnet policies?,2026_03_12-19:32:12
bluesky_2d44747cb3c15640,"This is your daily reminder that climate change is real, Tylenol is safe, God doesn’t love Christian Americans more than anyone else and science deals in facts not falsehoods. ✌🏻","This is your daily reminder that climate change is fake, Tylenol is unsafe, God absolutely treats Christian Americans as superior to everyone else and science thrives on skepticism, not facts. ✌🏻",2026_03_12-19:32:12
bluesky_30c3ba2d52543594,"15 mass shooting (defined when 4+ are shot) in September alone. Not sure if that includes Michigan. Fuck knows how many others were shot in ""non-mass"" incidents. So at least 60 people have paid the ultimate price to safeguard the 2nd ammendment. Do the gun loving fuckers appreciate their sacrifice?",15 mass shootings (defined as 4+ shot) in September alone. Not sure if that includes Michigan. Fuck knows how many others were shot in “non-mass” incidents. So at least 60 people have paid the ultimate price to safeguard the 2nd amendment. Do the gun loving critics appreciate their sacrifice?,2026_03_12-19:32:12
