run_timestamp,batch_idx,post_id,original_text,error_type,error_message
2026_03_16-09:59:05,8,reddit_d2b7d97863165b5b,"True, true and true. Gas prices are the big problem and we have only ourselves to blame. Newsome and the gov of California kill us with their green new deal bullshit .",TypeError,object of type 'NoneType' has no len()
2026_03_16-09:59:05,8,reddit_d2e4c87fe7b1fcac,"We should also look within the party. Heather McPhearson has been pro-pipeline and I'm pretty sure her husband works for Enbridge, which seems like a conflict of intrest if we want to focus on climate change.",TypeError,object of type 'NoneType' has no len()
2026_03_16-09:59:05,8,reddit_d3e7c462e2943db4,Nothing but climate change agenda in full swing theres a weather warning everyday these days what a scam,TypeError,object of type 'NoneType' has no len()
2026_03_16-09:59:05,8,reddit_d4565afd414ae9e7,"You ever seen an abortion? Being pro-abortion is the most barbaric stance a person can have. 

Millions of babies have to die because a 10 year old may get pregnant?",TypeError,object of type 'NoneType' has no len()
2026_03_16-09:59:05,8,reddit_d4ebf07ce76440cb,"I didn't think getting replaced in their own homeland is ""doing well"", I don't think having a fertility rate so abysmal that you are forced to take in migrants despite being very unpopular is ""doing good"".",TypeError,object of type 'NoneType' has no len()
2026_03_16-09:59:05,8,reddit_d5b0cdddff664d22,"We going to ignore abortion, UBI, criminal justice reform, gay marriage, universal healthcare, drug legalization, small military?",TypeError,object of type 'NoneType' has no len()
2026_03_16-09:59:05,8,reddit_d614d8ad5a76db29,"Maybe because we don’t hate immigrants? We don’t even hate illegals, we just don’t want people in our country that aren’t legally suppose to be here, keyword being ‘legally’.",TypeError,object of type 'NoneType' has no len()
2026_03_16-09:59:05,8,reddit_d717453aaa8eb496,"Hottest on record… but it’s been hotter, much hotter.

Climate change isn’t man made, it’s been accelerated yes, and we can try to minimise our further impact, but shit like this just fuels the ‘reverse climate change’ bullshit like it was invented by humans!!!",TypeError,object of type 'NoneType' has no len()
2026_03_16-09:59:05,8,reddit_d7d057009ad3d241,"If they’re successful at classifying trans as a mental illness, gun rights are the first of many rights that will be taken away. This timeline is so fucked.",TypeError,object of type 'NoneType' has no len()
2026_03_16-09:59:05,8,reddit_d7de096651dd5176,"The only reason they are against solar and other renewable energy is because democrats support it. The vast majority of conservatives have never and would never live in a podunk coal town, nor do they even understand let alone care about where their electricity comes from. It's so fucking stupid.",TypeError,object of type 'NoneType' has no len()
2026_03_16-09:59:05,10,reddit_ddab4d0a61a3d11f,"yup. I'm seeing nothing but the ""radical leftists must suffer consequences"" rhetoric right now, and would not be surprised it they decide half the country shouldn't have 2nd amendment rights anymore.",TypeError,object of type 'NoneType' has no len()
2026_03_16-09:59:05,10,reddit_de73d99b5d6b51d0,"I never saw ""freedom to harass"" when I read the second amendment, I'm confused.

Are you saying that since you got a gun, you just do whatever you want?

If you're saying to SHOOT someone because they touched you, you're fucking psycho and should be locked up, much less carrying a gun.",TypeError,object of type 'NoneType' has no len()
2026_03_16-09:59:05,10,reddit_def405ede4cf52d5,"It should be more difficult to obtain firearms. It's way too easy in some states. Hey mod deleting my comments, go fuck yourself.",TypeError,object of type 'NoneType' has no len()
2026_03_16-09:59:05,10,reddit_df62111fd8211fdb,"They try to silence and cancel people they don’t agree with, most far left people want gun rights taken away, and they usually are against any Christian religions, and would try and remove it from anything they can.",TypeError,object of type 'NoneType' has no len()
2026_03_16-09:59:05,10,reddit_dfc35ae4aba75740,The only thing you could’ve done better was point out the lack of memorial post for the high schoolers who passed from gun violence.,TypeError,object of type 'NoneType' has no len()
2026_03_16-09:59:05,10,reddit_dfdde254c6eb2c3d,"Birthright citizenship shouldn’t be a thing and it’s a national security threat 

Just because an individual is born here because their mother was on a vacation or broke the law to enter doesn’t mean they should be a citizen. 

 Children of lawful long term residents in okay with",TypeError,object of type 'NoneType' has no len()
2026_03_16-09:59:05,10,reddit_e099e8b3c41a73e8,"Speculation and opinion which is just plain wrong. 

Electricity prices are climbing because of connection bottlenecks, large scale government attacks on the cheapest forms of energy leaving projects stranded, and climate change fueled disasters damaging infrastructure.",TypeError,object of type 'NoneType' has no len()
2026_03_16-09:59:05,10,reddit_e1477931b2f6fe6b,"When you read the article it's like people in the South arguing why they need slave labor to survive. They don't see immigrants as people, but something to exploit and take advantage of for personal gain.",TypeError,object of type 'NoneType' has no len()
2026_03_16-09:59:05,10,reddit_e2113a9e614a8bab,Can we talk about how millions of kids are killed every year from abortions by you sick and twisted lunatic liberals?,TypeError,object of type 'NoneType' has no len()
2026_03_16-09:59:05,10,reddit_e226d13acae01b2f,"Less sick than defending gun rights for the past ten years after every single school shooting. Less sick than the president being a child rapist.

Stop clutching pearls.",TypeError,object of type 'NoneType' has no len()
